[ {
  "endTime" : "2025-06-07 07:15",
  "podcastName" : "Spotify Presents",
  "episodeName" : "Spotify Presents: Travis Scott Live from Barcelona",
  "msPlayed" : 525
}, {
  "endTime" : "2025-06-07 07:15",
  "podcastName" : "Spotify Presents",
  "episodeName" : "Spotify Presents: Travis Scott Live from Barcelona",
  "msPlayed" : 800
}, {
  "endTime" : "2025-06-07 17:37",
  "podcastName" : "Spotify Presents",
  "episodeName" : "Spotify Presents: Travis Scott Live from Barcelona",
  "msPlayed" : 2207
}, {
  "endTime" : "2025-06-07 17:37",
  "podcastName" : "Spotify Presents",
  "episodeName" : "Spotify Presents: Travis Scott Live from Barcelona",
  "msPlayed" : 395
}, {
  "endTime" : "2025-06-07 17:37",
  "podcastName" : "Spotify Presents",
  "episodeName" : "Spotify Presents: Travis Scott Live from Barcelona",
  "msPlayed" : 1446
}, {
  "endTime" : "2025-06-09 11:30",
  "podcastName" : "Spotify Presents",
  "episodeName" : "Spotify Presents: Travis Scott Live from Barcelona",
  "msPlayed" : 0
}, {
  "endTime" : "2025-06-10 10:51",
  "podcastName" : "Spotify Presents",
  "episodeName" : "Spotify Presents: Travis Scott Live from Barcelona",
  "msPlayed" : 375
}, {
  "endTime" : "2025-06-10 11:08",
  "podcastName" : "Spotify Presents",
  "episodeName" : "Spotify Presents: Travis Scott Live from Barcelona",
  "msPlayed" : 409
}, {
  "endTime" : "2025-08-05 17:50",
  "podcastName" : "History of Philosophy: India, Africana, China",
  "episodeName" : "HPC 35. Way Better than Greenwashing: Daoism on Nature",
  "msPlayed" : 0
}, {
  "endTime" : "2025-09-13 11:39",
  "podcastName" : "Bio min Bio podden",
  "episodeName" : "45. – Specialavsnitt – MARVEL del 1 – med gäst: Benjamin Ingrosso",
  "msPlayed" : 46277
}, {
  "endTime" : "2025-09-13 14:10",
  "podcastName" : "Bio min Bio podden",
  "episodeName" : "45. – Specialavsnitt – MARVEL del 1 – med gäst: Benjamin Ingrosso",
  "msPlayed" : 0
}, {
  "endTime" : "2025-09-14 14:07",
  "podcastName" : "The Living Philosophy",
  "episodeName" : "Carl Jung Was Racist.",
  "msPlayed" : 6366
}, {
  "endTime" : "2025-09-30 09:28",
  "podcastName" : "The Living Philosophy",
  "episodeName" : "Gary Clark: 'Jung Was 100 Years Ahead!' How Psychedelics Are Proving the Collective Unconscious is Real",
  "msPlayed" : 365
}, {
  "endTime" : "2025-11-15 21:31",
  "podcastName" : "Family Trips with the Meyers Brothers",
  "episodeName" : "TONY HAWK Was a San Diego Latchkey Kid",
  "msPlayed" : 0
}, {
  "endTime" : "2025-11-20 16:24",
  "podcastName" : "Breaking Bread with Tom Papa",
  "episodeName" : "Episode 291 - Judd Apatow",
  "msPlayed" : 487
}, {
  "endTime" : "2025-11-20 20:07",
  "podcastName" : "Breaking Bread with Tom Papa",
  "episodeName" : "Episode 291 - Judd Apatow",
  "msPlayed" : 0
}, {
  "endTime" : "2025-11-21 14:24",
  "podcastName" : "Breaking Bread with Tom Papa",
  "episodeName" : "Episode 291 - Judd Apatow",
  "msPlayed" : 0
}, {
  "endTime" : "2025-11-21 14:24",
  "podcastName" : "Breaking Bread with Tom Papa",
  "episodeName" : "Episode 291 - Judd Apatow",
  "msPlayed" : 265
}, {
  "endTime" : "2025-11-21 17:09",
  "podcastName" : "Breaking Bread with Tom Papa",
  "episodeName" : "Episode 291 - Judd Apatow",
  "msPlayed" : 0
}, {
  "endTime" : "2025-11-29 14:37",
  "podcastName" : "We Might Be Drunk",
  "episodeName" : "Ep 259: Daniel Sloss - Thanksgiving Treat",
  "msPlayed" : 3291
}, {
  "endTime" : "2026-02-04 15:33",
  "podcastName" : "The Tim Dillon Show",
  "episodeName" : "481 - Civil War: The Original Heated Rivalry",
  "msPlayed" : 0
} ]
