{
  "stats" : [ {
    "date" : "2026-02-02",
    "streamCount" : 0,
    "secondsPlayed" : 0,
    "topTracks" : [ {
      "name" : "Touchdown",
      "streamCount" : 5,
      "secondsPlayed" : 922
    }, {
      "name" : "Weird Boy",
      "streamCount" : 5,
      "secondsPlayed" : 828
    }, {
      "name" : "The Silent Chorus",
      "streamCount" : 4,
      "secondsPlayed" : 1186
    }, {
      "name" : "Hey Moon",
      "streamCount" : 4,
      "secondsPlayed" : 992
    }, {
      "name" : "Stare At The Sun",
      "streamCount" : 4,
      "secondsPlayed" : 828
    }, {
      "name" : "The Combine",
      "streamCount" : 4,
      "secondsPlayed" : 685
    }, {
      "name" : "Just Wait Til Next Year",
      "streamCount" : 4,
      "secondsPlayed" : 584
    }, {
      "name" : "Castles In The Grave",
      "streamCount" : 4,
      "secondsPlayed" : 540
    }, {
      "name" : "The Artist In The Ambulance",
      "streamCount" : 4,
      "secondsPlayed" : 876
    }, {
      "name" : "Material",
      "streamCount" : 3,
      "secondsPlayed" : 720
    } ],
    "topArtists" : [ {
      "name" : "John Maus",
      "streamCount" : 133,
      "secondsPlayed" : 22675
    }, {
      "name" : "Thrice",
      "streamCount" : 23,
      "secondsPlayed" : 4177
    }, {
      "name" : "Saosin",
      "streamCount" : 20,
      "secondsPlayed" : 3279
    }, {
      "name" : "Echoberyl",
      "streamCount" : 14,
      "secondsPlayed" : 2619
    }, {
      "name" : "Silverstein",
      "streamCount" : 9,
      "secondsPlayed" : 1749
    }, {
      "name" : "Marxist Love Disco Ensemble",
      "streamCount" : 7,
      "secondsPlayed" : 1874
    }, {
      "name" : "Black Country, New Road",
      "streamCount" : 6,
      "secondsPlayed" : 1692
    }, {
      "name" : "Bullet For My Valentine",
      "streamCount" : 6,
      "secondsPlayed" : 1405
    }, {
      "name" : "Hawthorne Heights",
      "streamCount" : 5,
      "secondsPlayed" : 1071
    }, {
      "name" : "Gojira",
      "streamCount" : 4,
      "secondsPlayed" : 1309
    } ],
    "topGenres" : [ ]
  }, {
    "date" : "2026-01-26",
    "streamCount" : 0,
    "secondsPlayed" : 0,
    "topTracks" : [ {
      "name" : "Superman (feat. Young Thug)",
      "streamCount" : 5,
      "secondsPlayed" : 835
    }, {
      "name" : "Cold Steel (feat. Elzhi)",
      "streamCount" : 3,
      "secondsPlayed" : 678
    }, {
      "name" : "To All, To All, To All!",
      "streamCount" : 3,
      "secondsPlayed" : 464
    }, {
      "name" : "Where's Your Love Now",
      "streamCount" : 2,
      "secondsPlayed" : 740
    }, {
      "name" : "Leather So Soft",
      "streamCount" : 2,
      "secondsPlayed" : 475
    }, {
      "name" : "take me by the hand",
      "streamCount" : 2,
      "secondsPlayed" : 342
    }, {
      "name" : "Reborn",
      "streamCount" : 2,
      "secondsPlayed" : 325
    }, {
      "name" : "All These Things I Hate (Revolve Around Me)",
      "streamCount" : 2,
      "secondsPlayed" : 278
    }, {
      "name" : "You Don't Know The Shape I'm In",
      "streamCount" : 2,
      "secondsPlayed" : 249
    }, {
      "name" : "Drama",
      "streamCount" : 2,
      "secondsPlayed" : 240
    } ],
    "topArtists" : [ {
      "name" : "Silverstein",
      "streamCount" : 20,
      "secondsPlayed" : 2779
    }, {
      "name" : "Bullet For My Valentine",
      "streamCount" : 13,
      "secondsPlayed" : 2695
    }, {
      "name" : "Lil Baby",
      "streamCount" : 13,
      "secondsPlayed" : 1701
    }, {
      "name" : "Bladee",
      "streamCount" : 7,
      "secondsPlayed" : 992
    }, {
      "name" : "This Is Lorelei",
      "streamCount" : 5,
      "secondsPlayed" : 1260
    }, {
      "name" : "John Maus",
      "streamCount" : 5,
      "secondsPlayed" : 977
    }, {
      "name" : "Dawn Ray'd",
      "streamCount" : 5,
      "secondsPlayed" : 942
    }, {
      "name" : "Burial",
      "streamCount" : 4,
      "secondsPlayed" : 961
    }, {
      "name" : "Birdman",
      "streamCount" : 4,
      "secondsPlayed" : 900
    }, {
      "name" : "Mechatok",
      "streamCount" : 6,
      "secondsPlayed" : 703
    } ],
    "topGenres" : [ ]
  }, {
    "date" : "2026-01-19",
    "streamCount" : 0,
    "secondsPlayed" : 0,
    "topTracks" : [ {
      "name" : "Like Father Like Son",
      "streamCount" : 4,
      "secondsPlayed" : 777
    }, {
      "name" : "Duffle Bag Boy",
      "streamCount" : 4,
      "secondsPlayed" : 774
    }, {
      "name" : "Look What I Got",
      "streamCount" : 4,
      "secondsPlayed" : 860
    }, {
      "name" : "Time to Get Away",
      "streamCount" : 3,
      "secondsPlayed" : 400
    }, {
      "name" : "Leather So Soft",
      "streamCount" : 3,
      "secondsPlayed" : 839
    }, {
      "name" : "Get That Money",
      "streamCount" : 3,
      "secondsPlayed" : 426
    }, {
      "name" : "I'm Me",
      "streamCount" : 3,
      "secondsPlayed" : 883
    }, {
      "name" : "North American Scum",
      "streamCount" : 2,
      "secondsPlayed" : 602
    }, {
      "name" : "Hot Blooded",
      "streamCount" : 2,
      "secondsPlayed" : 574
    }, {
      "name" : "Disco GBG",
      "streamCount" : 2,
      "secondsPlayed" : 550
    } ],
    "topArtists" : [ {
      "name" : "Lil Wayne",
      "streamCount" : 33,
      "secondsPlayed" : 6612
    }, {
      "name" : "Birdman",
      "streamCount" : 16,
      "secondsPlayed" : 3157
    }, {
      "name" : "John Maus",
      "streamCount" : 13,
      "secondsPlayed" : 2243
    }, {
      "name" : "Playaz Circle",
      "streamCount" : 10,
      "secondsPlayed" : 2068
    }, {
      "name" : "This Is Lorelei",
      "streamCount" : 9,
      "secondsPlayed" : 2053
    }, {
      "name" : "Saosin",
      "streamCount" : 9,
      "secondsPlayed" : 1777
    }, {
      "name" : "Bladee",
      "streamCount" : 10,
      "secondsPlayed" : 1370
    }, {
      "name" : "LCD Soundsystem",
      "streamCount" : 8,
      "secondsPlayed" : 1747
    }, {
      "name" : "Jeezy",
      "streamCount" : 7,
      "secondsPlayed" : 1689
    }, {
      "name" : "Hawthorne Heights",
      "streamCount" : 6,
      "secondsPlayed" : 1452
    } ],
    "topGenres" : [ ]
  } ],
  "highlights" : [ {
    "date" : "2026-02-08",
    "highlightType" : "FIRST_TO_DISCOVER",
    "firstToDiscoverHighlight" : {
      "entity" : "Omens",
      "country" : "SE",
      "position" : 6578
    }
  }, {
    "date" : "2026-02-01",
    "highlightType" : "ON_REPEAT",
    "onRepeatHighlight" : {
      "entity" : "Superman (feat. Young Thug)",
      "streamCount" : 5
    }
  }, {
    "date" : "2026-01-25",
    "highlightType" : "MILESTONE",
    "multiEntityMilestoneHighlight" : {
      "entities" : [ "Lil Wayne", "Birdman", "John Maus", "I'm Me", "Look What I Got", "Leather So Soft", "Like Father Like Son", "Duffle Bag Boy", "Where's Your Love Now" ],
      "milestoneListeningSeconds" : 63516
    }
  }, {
    "date" : "2026-01-18",
    "highlightType" : "PROPORTION_LISTENING_ENTITY",
    "proportionListeningHighlight" : {
      "entity" : "SugarSugar",
      "listeningPercentage" : 31.31953310231625
    }
  }, {
    "date" : "2026-01-11",
    "highlightType" : "UNLIKE_COMBINATION",
    "unlikeCombinationHighlight" : {
      "firstEntity" : "YoungBoy Never Broke Again",
      "secondEntity" : "Kan3da"
    }
  }, {
    "date" : "2026-01-04",
    "highlightType" : "UNLIKE_COMBINATION",
    "unlikeCombinationHighlight" : {
      "firstEntity" : "YSB OG",
      "secondEntity" : "DJSM"
    }
  }, {
    "date" : "2025-12-28",
    "highlightType" : "PROPORTION_LISTENING_ENTITY",
    "proportionListeningHighlight" : {
      "entity" : "BIGREADER",
      "listeningPercentage" : 60.05576606849217
    }
  }, {
    "date" : "2025-12-21",
    "highlightType" : "ON_REPEAT",
    "onRepeatHighlight" : {
      "entity" : "Love Takes Miles",
      "streamCount" : 5
    }
  }, {
    "date" : "2025-12-14",
    "highlightType" : "STREAKS",
    "streaksHighlight" : {
      "entity" : "A Match Into Water",
      "dayStreaks" : 3
    }
  }, {
    "date" : "2025-12-07",
    "highlightType" : "UNLIKE_COMBINATION",
    "unlikeCombinationHighlight" : {
      "firstEntity" : "Dark Tranquillity",
      "secondEntity" : "LD"
    }
  }, {
    "date" : "2025-11-30",
    "highlightType" : "UNLIKE_COMBINATION",
    "unlikeCombinationHighlight" : {
      "firstEntity" : "Alesana",
      "secondEntity" : "L2B"
    }
  }, {
    "date" : "2025-11-23",
    "highlightType" : "MILESTONE",
    "multiEntityMilestoneHighlight" : {
      "entities" : [ "Aphex Twin", "Key Glock", "Max B", "Buddy Love", "The art of dying", "It Could Happen to You (feat. Mobb Deep)", "Polynomial-C", "Little Child Runnin' Wild", "Pcd (feat. Dimzy, Ld, Monkey, Asap & Liquez)" ],
      "milestoneListeningSeconds" : 63198
    }
  }, {
    "date" : "2025-11-16",
    "highlightType" : "UNLIKE_COMBINATION",
    "unlikeCombinationHighlight" : {
      "firstEntity" : "Saw You In A Dream",
      "secondEntity" : "32 Bars"
    }
  }, {
    "date" : "2025-11-09",
    "highlightType" : "ON_REPEAT",
    "onRepeatHighlight" : {
      "entity" : "Ambrosia",
      "streamCount" : 6
    }
  }, {
    "date" : "2025-11-02",
    "highlightType" : "UNLIKE_COMBINATION",
    "unlikeCombinationHighlight" : {
      "firstEntity" : "PORIS",
      "secondEntity" : "Dustin O'Halloran"
    }
  }, {
    "date" : "2025-10-26",
    "highlightType" : "ON_REPEAT",
    "onRepeatHighlight" : {
      "entity" : "You're Not Alone",
      "streamCount" : 5
    }
  }, {
    "date" : "2025-10-19",
    "highlightType" : "FIRST_TO_DISCOVER",
    "firstToDiscoverHighlight" : {
      "entity" : "Advent",
      "country" : "SE",
      "position" : 3063
    }
  }, {
    "date" : "2025-10-12",
    "highlightType" : "UNLIKE_COMBINATION",
    "unlikeCombinationHighlight" : {
      "firstEntity" : "Miles Davis",
      "secondEntity" : "BORIS REDWALL"
    }
  }, {
    "date" : "2025-10-05",
    "highlightType" : "STREAKS",
    "streaksHighlight" : {
      "entity" : "Тонированный Кабан",
      "dayStreaks" : 4
    }
  }, {
    "date" : "2025-09-21",
    "highlightType" : "MILESTONE",
    "multiEntityMilestoneHighlight" : {
      "entities" : [ "Xavier Wulf", "Young Dolph", "Key Glock", "Surface To Air", "100 Shots", "En Hand I Himlen - The Sound Of Arrows Remix", "Hot Blooded", "Wait", "When I'm Small" ],
      "milestoneListeningSeconds" : 50825
    }
  } ]
}
